overall_churned_rate,avg_satisfaction,avg_avg_listening_hours_per_week,churneded_satisfaction,active_satisfaction,churneded_hours,active_hours
30.579710144927535,3.136222910216718,10.054202898550724,3.1846153846153844,3.11529933481153,9.77156398104265,10.178705636743215
